"pack","project_path","bytes","sha256","approval_date"
"KenneySciFiSounds","Assets/ThirdParty/KenneySciFiSounds/Audio/computerNoise_003.ogg","123515","5b1b73bbe6e6ad1b1d39422f640f1bbee3376e8e18916f9305b04b9d143f5cf3","2026-10-03"
"KenneySciFiSounds","Assets/ThirdParty/KenneySciFiSounds/Audio/doorClose_000.ogg","20369","c9134651ebbd7c016f90393aee495ff8120bd343bb7569b689a7506987ebd6c2","2026-10-03"
"KenneySciFiSounds","Assets/ThirdParty/KenneySciFiSounds/Audio/doorOpen_000.ogg","19616","5b7e07eccd4413ad9ef3720c2d14f9cc699f4c50111e9b2f48bd60e6f1a164c3","2026-10-03"
"KenneySciFiSounds","Assets/ThirdParty/KenneySciFiSounds/Audio/engineCircular_000.ogg","177470","8ab85f9fa85e9e692287f98acb36b9ac3ba15313b007c039055e286b736f4e3a","2026-10-03"
"KenneySciFiSounds","Assets/ThirdParty/KenneySciFiSounds/Audio/forceField_000.ogg","25672","c2916f2a062c8ddd1aca2826d134fe90847037db31342726ffb0f9097afe339c","2026-10-03"
"KenneySciFiSounds","Assets/ThirdParty/KenneySciFiSounds/Audio/forceField_001.ogg","28947","5574e69dd04e5f59322c5ddffde5978f077b09170ae5e29cec0bd9901828cd90","2026-10-03"
"KenneySciFiSounds","Assets/ThirdParty/KenneySciFiSounds/Audio/impactMetal_000.ogg","15491","956c6612a256aa1a67a2327fffe2454f6b1d82e4c1c2be28fd66916335d5b1d6","2026-10-03"
"KenneySciFiSounds","Assets/ThirdParty/KenneySciFiSounds/Audio/impactMetal_002.ogg","12708","0c1bb4db8a4d48b2b8c2e65a175d9056b845f1063837599995d81be1c5957d2c","2026-10-03"
"KenneySciFiSounds","Assets/ThirdParty/KenneySciFiSounds/Audio/impactMetal_004.ogg","11290","0032710d1fc88c217946cd54492f275eb4363bb8025a4bc1b7ce08df7b3c60de","2026-10-03"
"KenneySciFiSounds","Assets/ThirdParty/KenneySciFiSounds/Audio/laserSmall_000.ogg","7286","72b589eadd41781257ac859e4f4d030222e623390e4a1a83f6d05329a6e026f1","2026-10-03"
"KenneySciFiSounds","Assets/ThirdParty/KenneySciFiSounds/Audio/lowFrequency_explosion_001.ogg","9408","cdda50600a4928f2f1b8371224d53c171ac799c1cf2c30b11999508985250b3b","2026-10-03"
"KenneySciFiSounds","Assets/ThirdParty/KenneySciFiSounds/Audio/slime_000.ogg","20870","480ee82b690136ea9db6966a3c3033356b8274752795c4e37afd6b6defcfacff","2026-10-03"
"KenneySciFiSounds","Assets/ThirdParty/KenneySciFiSounds/Audio/spaceEngineLow_000.ogg","99760","d7deee8d7217ce63aab802ad7365a59cacfd243392dc1bd03b0a9d454aa494df","2026-10-03"
"KenneySciFiSounds","Assets/ThirdParty/KenneySciFiSounds/Audio/spaceEngineSmall_002.ogg","120467","3d7da67ca2d24ca2abd1e257556d74ff28cf152402968c2035d6f1ea92517f25","2026-10-03"
"KenneySciFiSounds","Assets/ThirdParty/KenneySciFiSounds/License.txt","571","a9767b25c3533f69d03af136480efad08efba19a9f0d89616992b34c79fd6186","2026-10-03"
"KenneySpaceStationKit","Assets/ThirdParty/KenneySpaceStationKit/License.txt","720","e8de83b5cb2f01810e32f07691cb1dcf9494dc4a7f8cce0ec8175dfb8c5d98d9","2026-10-03"
"Quaternius","Assets/ThirdParty/Quaternius/Universal Animation Library[Standard]/License.txt","332","6d01f55c6e4c49a2c9963e147e561945ae2c83958c8ca667d90a6bffdbfac061","2026-10-03"
"Quaternius","Assets/ThirdParty/Quaternius/Universal Animation Library[Standard]/README.txt","702","ccd02718886b5a57f10f0a8911a38cfe10c36880e1d6dfa3445923fba32d2a72","2026-10-03"
"Quaternius","Assets/ThirdParty/Quaternius/Universal Animation Library[Standard]/Unity/UAL1_Standard.fbx","23754684","21b32d912da3cb93426d974fb945e86f5b2e86970acd2ce89905e0fbf9f1dcc2","2026-10-03"
"UnityBundledTMP","Assets/TextMesh Pro/Fonts/LiberationSans - OFL.txt","4469","37f8552e9a874ec10710dc0ede6a9adf168e6609fbd02a507f35629373b85a48","2026-10-04"
"UnityBundledTMP","Assets/TextMesh Pro/Fonts/LiberationSans.ttf","350200","e5b0af421ea2bfbc1ac8d251d647268087ae82786234c57f757d1f0b90fa8b49","2026-10-04"
"UnityBundledTMP","Assets/TextMesh Pro/Resources/Fonts & Materials/LiberationSans SDF - Fallback.asset","9748","f53586850a70c4f308e7e71b99b63881a49f38de4bd40f4edb7fe7ae6ecf8a52","2026-10-04"
"UnityBundledTMP","Assets/TextMesh Pro/Resources/Fonts & Materials/LiberationSans SDF.asset","2256862","c3ff50e3133d989180b187748ffc67903f1fede099a5b85b4fcbd8cb6e8be958","2026-10-04"
"UnityBundledTMP","Assets/TextMesh Pro/Resources/LineBreaking Following Characters.txt","269","3a73e5ffe2510756dd3c2e982fdc1218b4be82c6e21abde88070d6860e1bc8e6","2026-10-04"
"UnityBundledTMP","Assets/TextMesh Pro/Resources/LineBreaking Leading Characters.txt","95","62d3f4d5f64aaf885692d2d13a8313f6918e6e4c5aeb3990a43f614652bfd89c","2026-10-04"
"UnityBundledTMP","Assets/TextMesh Pro/Resources/Style Sheets/Default Style Sheet.asset","5539","93e073cdb91b7e3d2fa31e2dd13626d7b9d2f327904ba8c3c2b97a3eecfbabac","2026-10-04"
"UnityBundledTMP","Assets/TextMesh Pro/Resources/TMP Settings.asset","1852","7be438062cdc296835a1258b68bcbeb8e9fdc4b01ea27c05a24a1074260f7424","2026-10-04"
"UnityBundledTMP","Assets/TextMesh Pro/Shaders/TMP_Bitmap-Mobile.shader","4071","b50afc7edc8a710f8b4159149b2391e7238b5e4076cc0ea2119090ed29e13b4a","2026-10-04"
"UnityBundledTMP","Assets/TextMesh Pro/Shaders/TMP_SDF-Mobile.shader","8074","44c39aabc7e88e7e1feffc1880df754f4adf86b62e9512aa89e9d2d65171aff4","2026-10-04"
"UnityBundledTMP","Assets/TextMesh Pro/Shaders/TMP_SDF.shader","11027","10efe6d4728474a09970b857faf37913793e168dc13dbd4d7316b54b37615d97","2026-10-04"
"UnityBundledTMP","Assets/TextMesh Pro/Shaders/TMP_Sprite.shader","3446","af669bb9ae136c8099f8e0a94a6933fd2f1e1fb0a6842129939a319fab4b8dbb","2026-10-04"
"UnityBundledTMP","Assets/TextMesh Pro/Shaders/TMPro.cginc","2277","14edb7d7b88caf2b82cae68200abe895e5b5b3474c3fffbf0e9b4b09a4e2467e","2026-10-04"
"UnityBundledTMP","Assets/TextMesh Pro/Shaders/TMPro_Properties.cginc","2707","66db1f03e8d7a413eba79bcb6602fdb2de710b586f34a6f2584ed6f68f028e90","2026-10-04"
